{
    "Mean IOU": 0.895858,
    "Mean Dice Coefficient": 0.926709
}